User_ID,Date,Steps,Calories_Burned,Distance_km,Active_Minutes,Sleep_Hours,Heart_Rate_Avg,Water_Intake_L,Workout_Type,Goal_Achieved
U1051,2026-05-17,2581,610,11.32,132,8.6,86,2.2,Yoga,Yes
U1092,2026-06-14,14907,484,8.81,71,8.3,105,2.7,Swimming,Yes
U1014,2026-08-13,9305,504,9.21,41,7.8,65,1.7,Cycling,Yes
U1071,2026-08-22,6737,617,8.9,167,9.9,77,2.1,Running,Yes
U1060,2026-06-21,14275,575,6.3,38,9.4,80,3.1,Swimming,No
U1020,2026-06-01,17744,808,5.72,58,7.9,88,3.6,Yoga,Yes
U1082,2026-06-09,14684,744,13.6,39,8.2,100,2.0,Gym,No
U1086,2026-04-06,4843,870,9.51,153,4.3,88,0.7,Yoga,No
U1074,2026-08-21,15000,536,4.42,177,8.0,83,1.1,Gym,Yes
U1074,2026-06-29,11162,122,7.98,28,4.3,58,0.6,Swimming,No
U1087,2026-04-23,16625,664,5.62,27,7.5,71,2.8,Cycling,Yes
U1099,2026-02-21,9630,776,14.07,10,10.0,89,1.7,Yoga,Yes
U1023,2026-09-25,3179,813,1.11,87,7.3,67,2.4,Gym,Yes
U1002,2026-04-23,5006,557,4.15,124,6.8,95,2.2,Cycling,Yes
U1021,2026-04-11,14784,182,6.11,122,5.9,93,0.8,Running,Yes
U1052,2026-04-23,8753,244,7.83,123,4.7,69,1.9,Gym,Yes
U1001,2026-03-22,10935,184,12.91,175,8.4,109,1.3,Swimming,No
U1087,2026-07-06,12810,177,2.23,72,5.2,83,2.0,Running,No
U1029,2026-04-23,14796,556,12.28,141,4.7,83,1.2,Running,Yes
U1037,2026-01-02,14745,100,1.78,138,6.5,65,3.4,Walking,No
U1001,2026-05-10,12651,150,12.79,17,8.8,106,1.1,Yoga,Yes
U1063,2026-08-08,11957,784,1.72,166,8.5,86,3.9,Gym,Yes
U1059,2026-02-23,3979,816,1.26,64,4.3,56,2.0,Running,No
U1020,2026-08-12,5952,871,10.76,112,6.7,101,3.5,Walking,Yes
U1032,2026-08-13,7381,545,14.96,140,7.1,68,2.7,Swimming,Yes
U1075,2026-05-06,15569,548,13.55,41,7.9,74,3.1,Cycling,Yes
U1057,2026-05-10,4349,587,9.06,19,7.9,76,3.2,Gym,Yes
U1021,2026-02-22,8890,899,13.84,119,6.2,65,2.3,Running,No
U1088,2026-06-21,13422,133,1.07,171,7.4,81,2.4,Yoga,Yes
U1048,2026-08-06,3989,447,14.65,133,6.9,57,2.3,Walking,No
U1090,2026-06-09,11323,194,7.87,96,9.3,71,2.6,Running,Yes
U1058,2026-07-17,10707,171,11.12,64,7.2,98,0.6,Yoga,Yes
U1041,2026-09-04,11040,650,12.49,41,6.6,82,1.9,Running,Yes
U1091,2026-07-22,17864,253,11.06,144,6.4,83,2.6,Gym,No
U1059,2026-07-03,6111,349,8.49,102,7.4,75,2.6,Gym,Yes
U1079,2026-05-03,7378,773,7.67,17,8.8,101,3.3,Gym,No
U1014,2026-09-12,17847,537,12.74,74,7.2,70,2.8,Swimming,No
U1061,2026-10-07,2351,217,3.87,66,8.0,91,4.0,Swimming,Yes
U1061,2026-04-08,8333,870,14.55,76,8.4,74,1.5,Walking,No
U1046,2026-07-17,13438,405,10.95,81,7.1,60,1.8,Gym,No
U1061,2026-08-28,3927,367,3.79,63,6.6,73,1.8,Yoga,No
U1050,2026-05-24,5500,153,11.31,76,9.3,59,2.1,Running,Yes
U1054,2026-04-07,6552,335,8.42,60,6.5,57,3.4,Cycling,Yes
U1063,2026-07-20,4238,488,10.9,106,6.8,55,1.3,Yoga,Yes
U1002,2026-05-04,6887,833,11.75,101,9.9,92,3.2,Swimming,Yes
U1050,2026-07-06,9502,862,2.22,17,4.0,69,1.9,Swimming,Yes
U1006,2026-09-16,7036,500,8.09,171,5.1,88,2.6,Yoga,No
U1020,2026-05-28,14979,723,14.05,44,6.3,89,2.7,Swimming,Yes
U1072,2026-09-09,5413,866,5.49,105,9.6,103,1.8,Gym,Yes
U1038,2026-05-27,12136,402,9.31,97,4.4,79,2.3,Walking,No
U1017,2026-05-28,7226,306,6.17,87,4.1,78,1.9,Running,No
U1003,2026-07-18,4873,328,7.36,41,4.3,66,0.7,Walking,Yes
U1088,2026-05-08,13661,677,8.68,129,4.5,72,2.0,Running,No
U1059,2026-02-08,3582,174,8.68,55,4.2,69,0.8,Running,Yes
U1013,2026-05-09,17781,534,3.82,153,6.9,98,1.9,Walking,Yes
U1008,2026-09-24,16805,202,10.58,174,7.5,70,2.6,Yoga,No
U1089,2026-05-31,11317,521,2.23,151,5.6,81,2.5,Running,Yes
U1052,2026-04-09,12761,803,2.94,64,6.4,62,2.8,Walking,Yes
U1001,2026-09-20,1917,863,1.04,16,4.6,100,0.8,Running,Yes
U1083,2026-09-09,10308,837,2.63,83,6.0,79,2.8,Cycling,Yes
U1091,2026-05-24,4767,405,7.62,16,7.1,71,1.6,Yoga,Yes
U1059,2026-04-22,7245,197,9.49,170,8.4,83,1.9,Gym,Yes
U1070,2026-03-01,12838,897,12.12,160,4.0,107,3.5,Running,No
U1043,2026-01-02,1912,434,2.49,94,6.8,62,0.5,Cycling,No
U1007,2026-09-11,9043,534,12.91,156,5.8,69,2.6,Gym,Yes
U1046,2026-05-20,9087,546,11.44,121,9.1,81,2.6,Gym,Yes
U1034,2026-02-06,2228,407,6.72,134,8.3,100,1.9,Running,Yes
U1077,2026-06-09,13157,348,14.06,156,7.5,104,1.3,Walking,Yes
U1080,2026-01-09,7488,265,14.87,45,5.7,106,1.3,Running,No
U1035,2026-08-21,4467,580,3.87,38,9.5,61,3.6,Cycling,Yes
U1049,2026-04-09,16027,434,6.31,91,4.3,57,2.0,Gym,Yes
U1003,2026-05-27,17548,641,13.97,11,4.7,83,1.7,Running,No
U1001,2026-07-27,6573,858,11.1,138,6.3,98,2.1,Walking,No
U1005,2026-05-11,6604,205,1.67,56,4.7,107,2.8,Running,No
U1053,2026-06-01,3643,662,11.94,157,9.7,78,1.0,Yoga,Yes
U1003,2026-02-23,8857,180,12.59,20,8.8,57,2.1,Walking,Yes
U1053,2026-04-30,13543,232,11.51,139,5.6,74,2.6,Cycling,Yes
U1092,2026-06-10,4940,896,12.19,128,7.5,100,3.8,Gym,Yes
U1062,2026-04-26,7144,237,12.55,149,9.9,69,1.4,Running,No
U1017,2026-03-16,12018,283,3.61,29,9.3,79,1.8,Walking,No
U1089,2026-04-23,16052,500,4.3,14,7.6,84,1.8,Yoga,No
U1043,2026-04-14,4414,429,9.87,46,9.4,68,2.6,Walking,No
U1033,2026-09-11,15084,884,13.71,175,9.9,61,1.7,Swimming,Yes
U1073,2026-08-15,13644,607,5.43,146,8.5,71,2.4,Yoga,No
U1061,2026-04-22,15897,168,9.24,62,4.4,98,3.2,Cycling,Yes
U1099,2026-04-09,10287,645,10.56,108,6.4,74,3.0,Gym,Yes
U1013,2026-06-02,15691,873,7.33,95,9.0,90,2.1,Cycling,Yes
U1094,2026-07-13,2228,152,10.99,117,5.4,63,3.5,Running,Yes
U1047,2026-06-12,2198,549,13.6,33,9.0,92,2.5,Walking,Yes
U1014,2026-07-27,8686,304,9.74,90,4.7,102,2.4,Swimming,No
U1071,2026-06-18,16012,225,8.56,167,4.3,76,0.6,Yoga,Yes
U1077,2026-06-10,15423,846,7.14,129,6.3,108,4.0,Yoga,Yes
U1086,2026-03-09,8900,142,9.08,68,4.2,107,0.9,Walking,Yes
U1061,2026-10-04,5671,851,5.98,137,9.7,107,1.3,Swimming,No
U1039,2026-05-15,5860,210,6.48,123,9.0,56,0.7,Walking,Yes
U1084,2026-07-14,4002,860,8.45,124,8.8,78,2.7,Running,No
U1079,2026-05-08,6986,762,1.93,23,7.8,62,1.3,Cycling,Yes
U1081,2026-02-02,9835,282,4.21,18,5.3,65,1.1,Yoga,No
U1052,2026-06-25,5991,194,8.6,49,7.1,67,0.8,Running,Yes
U1023,2026-01-22,12630,473,7.04,34,7.6,71,0.9,Cycling,No
U1025,2026-08-26,9151,619,5.66,112,7.2,62,2.5,Running,No
U1088,2026-06-07,2667,459,11.23,31,5.6,75,2.9,Swimming,Yes
U1059,2026-02-07,2562,795,10.71,13,7.1,72,1.9,Yoga,Yes
U1040,2026-08-18,12674,380,3.33,163,6.9,84,2.2,Walking,Yes
U1028,2026-02-20,6229,294,13.3,38,10.0,72,2.9,Walking,Yes
U1014,2026-09-21,10848,294,7.94,118,9.4,100,0.6,Cycling,Yes
U1044,2026-01-27,6834,766,11.38,107,6.8,101,1.6,Gym,No
U1064,2026-08-14,10424,192,9.02,46,7.7,85,3.9,Swimming,Yes
U1088,2026-10-04,5830,771,14.97,84,8.5,92,2.5,Cycling,Yes
U1070,2026-04-07,8301,160,11.53,79,4.2,86,1.4,Gym,Yes
U1008,2026-05-27,6346,733,10.9,155,9.4,65,2.3,Running,Yes
U1087,2026-01-04,8231,150,11.9,137,9.2,99,1.7,Swimming,No
U1000,2026-02-04,16868,502,3.0,94,6.7,79,2.4,Running,Yes
U1007,2026-07-11,4039,888,3.86,51,6.3,87,0.9,Yoga,No
U1087,2026-02-18,8556,104,11.0,109,5.6,92,1.0,Swimming,No
U1062,2026-01-17,13016,565,7.92,50,6.9,95,1.0,Gym,No
U1010,2026-06-21,12993,703,11.56,175,4.3,62,3.8,Yoga,No
U1080,2026-08-08,3042,781,2.44,43,9.1,65,3.1,Walking,Yes
U1007,2026-06-07,15464,633,8.51,26,4.2,76,1.1,Gym,No
U1034,2026-02-15,7813,504,6.3,174,6.0,105,1.2,Cycling,Yes
U1034,2026-01-06,15307,612,7.4,162,9.6,78,3.1,Walking,Yes
U1032,2026-04-09,11080,744,9.46,131,8.4,95,1.0,Walking,No
U1004,2026-08-21,10191,332,8.03,85,5.7,71,1.3,Cycling,No
U1040,2026-02-06,8994,623,8.56,96,5.5,66,3.9,Swimming,No
U1027,2026-10-07,5812,445,7.81,126,4.0,100,1.4,Walking,Yes
U1006,2026-06-30,2824,145,6.73,115,8.2,86,2.8,Gym,Yes
U1072,2026-04-05,4641,645,11.81,95,4.3,69,3.9,Yoga,No
U1071,2026-04-09,3310,177,1.17,36,7.2,70,1.8,Walking,Yes
U1011,2026-07-07,8088,829,9.38,66,9.8,108,0.6,Gym,No
U1033,2026-04-26,6801,172,8.92,40,4.7,76,1.4,Running,No
U1032,2026-07-10,16985,893,11.03,143,9.4,82,3.4,Gym,Yes
U1047,2026-09-10,13214,348,9.39,177,9.9,74,3.5,Yoga,Yes
U1022,2026-06-10,6248,146,12.58,107,4.4,87,3.2,Gym,Yes
U1061,2026-09-13,10935,220,14.43,21,9.3,64,0.9,Cycling,Yes
U1087,2026-05-08,5209,313,5.8,62,7.1,94,3.3,Yoga,No
U1036,2026-01-18,14616,338,4.18,147,9.4,86,3.7,Swimming,Yes
U1098,2026-08-11,11076,155,6.93,154,7.4,104,2.6,Running,No
U1043,2026-02-23,11650,449,5.03,163,8.0,87,3.8,Cycling,Yes
U1085,2026-02-27,8030,206,9.61,131,7.3,56,3.4,Swimming,No
U1090,2026-06-23,11688,147,13.77,55,9.2,87,2.8,Gym,Yes
U1034,2026-10-07,16183,672,2.95,73,8.4,87,2.5,Yoga,Yes
U1064,2026-04-24,2004,436,2.41,139,7.1,95,1.7,Running,Yes
U1098,2026-05-31,2714,125,4.58,63,9.2,67,1.1,Cycling,No
U1046,2026-05-07,3031,356,11.17,116,5.5,84,2.6,Swimming,No
U1077,2026-06-04,2323,107,9.3,60,4.9,87,1.6,Swimming,No
U1002,2026-09-30,6529,724,2.43,45,5.0,67,3.5,Running,Yes
U1000,2026-04-14,14928,352,13.86,124,6.0,106,4.0,Gym,Yes
U1004,2026-09-03,3605,791,12.06,35,5.4,80,3.1,Running,Yes
U1089,2026-06-25,5127,818,1.32,38,9.6,76,0.8,Swimming,Yes
U1013,2026-02-08,14472,402,10.12,158,4.6,93,1.5,Walking,Yes
U1026,2026-06-19,3352,738,11.8,20,8.2,56,0.9,Cycling,No
U1008,2026-09-04,6410,155,6.24,49,5.1,92,2.8,Running,No
U1078,2026-01-26,12503,825,1.96,20,9.3,93,3.2,Swimming,No
U1014,2026-01-13,15343,625,2.08,173,9.8,80,3.7,Gym,No
U1089,2026-02-05,13204,573,2.46,122,6.8,100,2.0,Swimming,Yes
U1041,2026-06-22,17261,127,12.77,48,9.3,104,3.7,Gym,Yes
U1076,2026-01-20,7690,177,13.75,63,4.0,69,3.6,Running,Yes
U1050,2026-09-21,7145,315,2.72,107,8.9,88,1.6,Gym,No
U1062,2026-05-22,11088,485,4.3,64,5.4,96,3.5,Yoga,Yes
U1095,2026-05-23,13329,464,3.32,120,9.5,109,1.8,Yoga,Yes
U1051,2026-04-02,9553,765,3.61,161,4.0,98,1.5,Yoga,Yes
U1095,2026-08-03,4830,625,12.72,159,7.3,103,2.8,Walking,Yes
U1003,2026-02-20,10162,798,5.65,78,8.5,94,1.6,Running,No
U1093,2026-06-02,8614,411,5.36,65,5.6,65,2.7,Swimming,No
U1022,2026-07-05,14823,106,4.18,42,5.2,57,2.6,Swimming,Yes
U1014,2026-03-04,2853,102,9.51,45,4.5,60,2.5,Walking,No
U1042,2026-07-09,12475,722,6.31,157,6.0,63,1.8,Gym,No
U1028,2026-05-05,12523,849,11.42,90,7.4,60,2.4,Walking,Yes
U1035,2026-05-30,2167,462,3.88,118,4.7,63,2.6,Gym,Yes
U1012,2026-02-27,10837,850,12.03,163,6.3,93,2.4,Gym,Yes
U1031,2026-06-29,15159,607,9.45,82,4.1,85,2.1,Cycling,Yes
U1070,2026-06-19,5219,373,2.6,49,8.9,86,0.6,Swimming,No
U1058,2026-09-28,8983,605,6.8,26,4.8,95,2.6,Yoga,Yes
U1085,2026-02-23,2039,838,13.09,138,5.7,104,1.1,Gym,No
U1027,2026-04-11,6464,114,13.92,70,4.1,66,2.7,Cycling,Yes
U1065,2026-09-21,6335,291,7.52,113,6.6,62,3.2,Swimming,Yes
U1041,2026-02-22,7542,730,7.73,51,9.0,62,2.3,Yoga,Yes
U1044,2026-03-01,16337,584,13.86,34,6.4,104,2.4,Gym,Yes
U1061,2026-04-18,8812,127,9.22,48,5.1,82,3.8,Gym,Yes
U1056,2026-01-05,6820,813,1.46,44,8.5,74,3.5,Walking,No
U1005,2026-04-13,14716,138,13.78,140,8.7,101,3.7,Walking,Yes
U1027,2026-07-15,4279,372,4.48,117,5.0,61,3.3,Swimming,No
U1027,2026-09-19,3081,330,9.09,111,8.6,65,0.9,Yoga,Yes
U1043,2026-02-16,14177,185,3.32,107,9.7,74,1.0,Gym,Yes
U1083,2026-05-24,7213,573,1.47,21,5.0,70,2.3,Swimming,Yes
U1029,2026-09-26,6304,225,5.36,28,8.6,58,1.4,Swimming,Yes
U1061,2026-05-04,11636,636,11.93,110,8.3,60,2.2,Running,Yes
U1074,2026-04-16,1509,244,4.89,53,6.8,76,1.9,Walking,Yes
U1091,2026-06-07,6624,624,4.08,58,4.3,80,2.4,Yoga,Yes
U1088,2026-05-27,2515,311,3.98,26,4.4,57,3.1,Gym,Yes
U1061,2026-05-25,3693,124,8.21,83,9.1,95,3.0,Swimming,Yes
U1096,2026-04-30,9915,679,14.66,66,9.9,96,2.3,Gym,Yes
U1000,2026-10-02,15050,493,7.43,64,8.1,68,3.4,Running,No
U1026,2026-04-02,16012,166,8.8,56,6.7,65,2.0,Yoga,No
U1061,2026-02-27,5658,332,13.05,21,7.9,72,3.6,Swimming,Yes
U1076,2026-08-17,8470,208,8.49,71,7.6,108,0.7,Gym,Yes
U1002,2026-04-27,8438,245,3.58,89,6.3,66,3.8,Walking,No
U1069,2026-10-06,15272,210,5.19,92,4.4,77,2.8,Running,No
U1071,2026-05-07,11844,327,5.34,17,8.9,66,1.8,Yoga,Yes
U1026,2026-05-09,8766,210,6.56,158,6.2,67,1.2,Running,No
